<?xml version="1.0" encoding="UTF-8"?>
<project-private xmlns="http://www.netbeans.org/ns/project-private/1">
    <editor-bookmarks xmlns="http://www.netbeans.org/ns/editor-bookmarks/2" lastBookmarkId="0"/>
    <open-files xmlns="http://www.netbeans.org/ns/projectui-open-files/2">
        <group>
            <file>file:/C:/Users/melike/Downloads/deniyoruz/src/deniyoruz/AltSunucu.java</file>
            <file>file:/C:/Users/melike/Downloads/deniyoruz/src/deniyoruz/Server.java</file>
            <file>file:/C:/Users/melike/Downloads/deniyoruz/src/deniyoruz/UsersGui.java</file>
            <file>file:/C:/Users/melike/Downloads/deniyoruz/src/deniyoruz/Deniyoruz.java</file>
            <file>file:/C:/Users/melike/Downloads/deniyoruz/src/deniyoruz/MyThread.java</file>
        </group>
    </open-files>
</project-private>
